<?xml version="1.0"?>
<storedprocedures>
	<storedprocedure code="1" name="sql">
		<sqlquery>select branch_id, branch_name, branch_address, branch_contact_no, created_by, 
		created_timestamp, modified_by, modified_timestamp, active_flag from branch_details</sqlquery>
		<databaseType>oracle</databaseType>
		<inputvo>com.bfp.valueobjects.BranchDetailsVO</inputvo>
		<inputparams>
		</inputparams>
		<resultsets>
			<resultset>
				<resultsetname>DEPOSIT_LOAN_ACCOUNT_HOLDER</resultsetname>
				<Impl>
					com.bear.gcs.bpm.of.activities.db.spring.utility.DDDARowMapperImpl
				</Impl>
				<valueobject>
					com.bfp.valueobjects.BranchDetailsVO
				</valueobject>
				<column>
					<dbindex>1</dbindex>
					<dbtype>String</dbtype>
					<voattribute>BranchId</voattribute>
					<votype>String</votype>
				</column>
				<column>
					<dbindex>2</dbindex>
					<dbtype>String</dbtype>
					<voattribute>BranchName</voattribute>
					<votype>String</votype>
				</column>
				<column>
					<dbindex>3</dbindex>
					<dbtype>String</dbtype>
					<voattribute>BranchAddress</voattribute>
					<votype>String</votype>
				</column>
				<column>
					<dbindex>4</dbindex>
					<dbtype>String</dbtype>
					<voattribute>BranchContactNo</voattribute>
					<votype>String</votype>
				</column>
				<column>
					<dbindex>5</dbindex>
					<dbtype>String</dbtype>
					<voattribute>CreatedBy</voattribute>
					<votype>String</votype>
				</column>
				<column>
					<dbindex>6</dbindex>
					<dbtype>String</dbtype>
					<voattribute>CreatedDate</voattribute>
					<votype>String</votype>
				</column>
				<column>
					<dbindex>7</dbindex>
					<dbtype>String</dbtype>
					<voattribute>ModifiedBy</voattribute>
					<votype>String</votype>
				</column>
				<column>
					<dbindex>8</dbindex>
					<dbtype>String</dbtype>
					<voattribute>ModifiedDate</voattribute>
					<votype>String</votype>
				</column>
				<column>
					<dbindex>9</dbindex>
					<dbtype>String</dbtype>
					<voattribute>ActiveFlag</voattribute>
					<votype>String</votype>
				</column>
			</resultset>
		</resultsets>
	</storedprocedure>
</storedprocedures>